dominio,total_publicacoes,media_score,media_comentarios,score_total
github.com,216611,19.61,6.51,4247812
medium.com,117211,9.19,3.93,1077104
youtube.com,116683,6.55,2,764264
nytimes.com,86776,17.28,11.33,1499518
techcrunch.com,59525,16.77,9.16,997976
wikipedia.org,55808,8.45,2.89,471565
blogspot.com,54747,12.23,4.7,669623
twitter.com,50978,22.91,12.46,1167930
arstechnica.com,47251,17.72,9.02,837280
github.io,44557,28.58,9.71,1273365
theguardian.com,44487,17.21,10.02,765639
substack.com,40102,16.75,11.06,671745
wsj.com,38862,14.51,11.21,563889
bloomberg.com,38112,20.55,16.21,783299
google.com,36052,18.47,8.2,665776
theverge.com,33670,14.39,9.01,484393
wired.com,28680,14.71,7.81,421865
wordpress.com,27773,14.75,6.39,409767
bbc.com,27204,21.98,15.1,597939
reuters.com,25999,23.25,17.44,604376
arxiv.org,23298,15.39,5.71,358600
bbc.co.uk,22885,16.45,10.54,376437
washingtonpost.com,21731,19.7,13.6,428108
cnn.com,21584,11.01,7.37,237714
theatlantic.com,19781,16.43,11.04,324997
reddit.com,18799,19.44,9.1,365476
nature.com,17992,16.63,8.64,299186
businessinsider.com,17785,11.42,7.82,203129
forbes.com,16973,10.91,5.99,185156
phys.org,15266,11.12,4.32,169800
